Overall,variable,model_name
100,`FAF2_C14-0_7x0x0`,var_imp_NEFA_FAF_Raw_EMR.NONE_Cow.Yes_Breed.No_MilkME.Yes_AllWN_incl.HighCorr_noFeatExt_SMOTE200_pp.cs_GLMNET_9442_19
41.591,FAF1_PUFA_7x0x0,var_imp_NEFA_FAF_Raw_EMR.NONE_Cow.Yes_Breed.No_MilkME.Yes_AllWN_incl.HighCorr_noFeatExt_SMOTE200_pp.cs_GLMNET_9442_19
19.167,`FAF2_C18-1_7x0x0`,var_imp_NEFA_FAF_Raw_EMR.NONE_Cow.Yes_Breed.No_MilkME.Yes_AllWN_incl.HighCorr_noFeatExt_SMOTE200_pp.cs_GLMNET_9442_19
18.018,FAF1_MUFA_7x0x0,var_imp_NEFA_FAF_Raw_EMR.NONE_Cow.Yes_Breed.No_MilkME.Yes_AllWN_incl.HighCorr_noFeatExt_SMOTE200_pp.cs_GLMNET_9442_19
16.805,`FAF2_C16-0_7x0x0`,var_imp_NEFA_FAF_Raw_EMR.NONE_Cow.Yes_Breed.No_MilkME.Yes_AllWN_incl.HighCorr_noFeatExt_SMOTE200_pp.cs_GLMNET_9442_19
15.706,FAF2_MCFA_7x0x0,var_imp_NEFA_FAF_Raw_EMR.NONE_Cow.Yes_Breed.No_MilkME.Yes_AllWN_incl.HighCorr_noFeatExt_SMOTE200_pp.cs_GLMNET_9442_19
14.713,CALVING_NOHeifer,var_imp_NEFA_FAF_Raw_EMR.NONE_Cow.Yes_Breed.No_MilkME.Yes_AllWN_incl.HighCorr_noFeatExt_SMOTE200_pp.cs_GLMNET_9442_19
13.964,FAF3_De_novo_origin_2x0x0,var_imp_NEFA_FAF_Raw_EMR.NONE_Cow.Yes_Breed.No_MilkME.Yes_AllWN_incl.HighCorr_noFeatExt_SMOTE200_pp.cs_GLMNET_9442_19
11.467,FAF3_Preformed_origin_2x0x0,var_imp_NEFA_FAF_Raw_EMR.NONE_Cow.Yes_Breed.No_MilkME.Yes_AllWN_incl.HighCorr_noFeatExt_SMOTE200_pp.cs_GLMNET_9442_19
11.439,FAF2_LCFA_7x0x0,var_imp_NEFA_FAF_Raw_EMR.NONE_Cow.Yes_Breed.No_MilkME.Yes_AllWN_incl.HighCorr_noFeatExt_SMOTE200_pp.cs_GLMNET_9442_19
9.525,`FAF2_C18-0_7x0x0`,var_imp_NEFA_FAF_Raw_EMR.NONE_Cow.Yes_Breed.No_MilkME.Yes_AllWN_incl.HighCorr_noFeatExt_SMOTE200_pp.cs_GLMNET_9442_19
2.128,MilkMEMorning,var_imp_NEFA_FAF_Raw_EMR.NONE_Cow.Yes_Breed.No_MilkME.Yes_AllWN_incl.HighCorr_noFeatExt_SMOTE200_pp.cs_GLMNET_9442_19
0.464,DIM,var_imp_NEFA_FAF_Raw_EMR.NONE_Cow.Yes_Breed.No_MilkME.Yes_AllWN_incl.HighCorr_noFeatExt_SMOTE200_pp.cs_GLMNET_9442_19
100,FAF1_TFA_7x0x0,var_imp_NEFA_FAF1_Raw_EMR.NONE_Cow.Yes_Breed.No_MilkME.No_AllWN_incl.HighCorr_noFeatExt_SMOTE200_pp.cs_GLMNET_9660_8
91.858,FAF1_MUFA_7x0x0,var_imp_NEFA_FAF1_Raw_EMR.NONE_Cow.Yes_Breed.No_MilkME.No_AllWN_incl.HighCorr_noFeatExt_SMOTE200_pp.cs_GLMNET_9660_8
41.388,FAF1_PUFA_7x0x0,var_imp_NEFA_FAF1_Raw_EMR.NONE_Cow.Yes_Breed.No_MilkME.No_AllWN_incl.HighCorr_noFeatExt_SMOTE200_pp.cs_GLMNET_9660_8
34.849,FAF1_SFA_7x0x0,var_imp_NEFA_FAF1_Raw_EMR.NONE_Cow.Yes_Breed.No_MilkME.No_AllWN_incl.HighCorr_noFeatExt_SMOTE200_pp.cs_GLMNET_9660_8
17.817,CALVING_NOHeifer,var_imp_NEFA_FAF1_Raw_EMR.NONE_Cow.Yes_Breed.No_MilkME.No_AllWN_incl.HighCorr_noFeatExt_SMOTE200_pp.cs_GLMNET_9660_8
0.627,DIM,var_imp_NEFA_FAF1_Raw_EMR.NONE_Cow.Yes_Breed.No_MilkME.No_AllWN_incl.HighCorr_noFeatExt_SMOTE200_pp.cs_GLMNET_9660_8
100,`FAF2_C14-0_7x0x0`,var_imp_NEFA_FAF2_Raw_EMR.NONE_Cow.Yes_Breed.No_MilkME.Yes_AllWN_incl.HighCorr_noFeatExt_SMOTE200_pp.cs_GLMNET_9442_12
25.96,`FAF2_C18-0_7x0x0`,var_imp_NEFA_FAF2_Raw_EMR.NONE_Cow.Yes_Breed.No_MilkME.Yes_AllWN_incl.HighCorr_noFeatExt_SMOTE200_pp.cs_GLMNET_9442_12
25.833,`FAF2_C18-1_7x0x0`,var_imp_NEFA_FAF2_Raw_EMR.NONE_Cow.Yes_Breed.No_MilkME.Yes_AllWN_incl.HighCorr_noFeatExt_SMOTE200_pp.cs_GLMNET_9442_12
17.312,FAF2_LCFA_7x0x0,var_imp_NEFA_FAF2_Raw_EMR.NONE_Cow.Yes_Breed.No_MilkME.Yes_AllWN_incl.HighCorr_noFeatExt_SMOTE200_pp.cs_GLMNET_9442_12
15.816,FAF2_MCFA_7x0x0,var_imp_NEFA_FAF2_Raw_EMR.NONE_Cow.Yes_Breed.No_MilkME.Yes_AllWN_incl.HighCorr_noFeatExt_SMOTE200_pp.cs_GLMNET_9442_12
13.702,`FAF2_C16-0_7x0x0`,var_imp_NEFA_FAF2_Raw_EMR.NONE_Cow.Yes_Breed.No_MilkME.Yes_AllWN_incl.HighCorr_noFeatExt_SMOTE200_pp.cs_GLMNET_9442_12
12.323,CALVING_NOHeifer,var_imp_NEFA_FAF2_Raw_EMR.NONE_Cow.Yes_Breed.No_MilkME.Yes_AllWN_incl.HighCorr_noFeatExt_SMOTE200_pp.cs_GLMNET_9442_12
2.041,MilkMEMorning,var_imp_NEFA_FAF2_Raw_EMR.NONE_Cow.Yes_Breed.No_MilkME.Yes_AllWN_incl.HighCorr_noFeatExt_SMOTE200_pp.cs_GLMNET_9442_12
0.371,DIM,var_imp_NEFA_FAF2_Raw_EMR.NONE_Cow.Yes_Breed.No_MilkME.Yes_AllWN_incl.HighCorr_noFeatExt_SMOTE200_pp.cs_GLMNET_9442_12
100,FAF3_De_novo_origin_2x0x0,var_imp_NEFA_FAF3_Raw_EMR.NONE_Cow.Yes_Breed.No_MilkME.Yes_AllWN_incl.HighCorr_noFeatExt_SMOTE200_pp.cs_GLMNET_9442_8
70.652,FAF3_Preformed_origin_2x0x0,var_imp_NEFA_FAF3_Raw_EMR.NONE_Cow.Yes_Breed.No_MilkME.Yes_AllWN_incl.HighCorr_noFeatExt_SMOTE200_pp.cs_GLMNET_9442_8
33.36,CALVING_NOHeifer,var_imp_NEFA_FAF3_Raw_EMR.NONE_Cow.Yes_Breed.No_MilkME.Yes_AllWN_incl.HighCorr_noFeatExt_SMOTE200_pp.cs_GLMNET_9442_8
14.311,FAF3_Mixed_origin_2x0x0,var_imp_NEFA_FAF3_Raw_EMR.NONE_Cow.Yes_Breed.No_MilkME.Yes_AllWN_incl.HighCorr_noFeatExt_SMOTE200_pp.cs_GLMNET_9442_8
5.655,MilkMEMorning,var_imp_NEFA_FAF3_Raw_EMR.NONE_Cow.Yes_Breed.No_MilkME.Yes_AllWN_incl.HighCorr_noFeatExt_SMOTE200_pp.cs_GLMNET_9442_8
1.15,DIM,var_imp_NEFA_FAF3_Raw_EMR.NONE_Cow.Yes_Breed.No_MilkME.Yes_AllWN_incl.HighCorr_noFeatExt_SMOTE200_pp.cs_GLMNET_9442_8
100,X1792.575,var_imp_NEFA_IR_FD.EMR_EMR.NONE_Cow.Yes_Breed.No_MilkME.Yes_EMR212_incl.HighCorr_noFeatExt_SMOTE200_pp.cs_GLMNET_9442_217
89.028,X1796.43,var_imp_NEFA_IR_FD.EMR_EMR.NONE_Cow.Yes_Breed.No_MilkME.Yes_EMR212_incl.HighCorr_noFeatExt_SMOTE200_pp.cs_GLMNET_9442_217
47.573,X1322.265,var_imp_NEFA_IR_FD.EMR_EMR.NONE_Cow.Yes_Breed.No_MilkME.Yes_EMR212_incl.HighCorr_noFeatExt_SMOTE200_pp.cs_GLMNET_9442_217
28.857,X1326.12,var_imp_NEFA_IR_FD.EMR_EMR.NONE_Cow.Yes_Breed.No_MilkME.Yes_EMR212_incl.HighCorr_noFeatExt_SMOTE200_pp.cs_GLMNET_9442_217
28.736,X1391.655,var_imp_NEFA_IR_FD.EMR_EMR.NONE_Cow.Yes_Breed.No_MilkME.Yes_EMR212_incl.HighCorr_noFeatExt_SMOTE200_pp.cs_GLMNET_9442_217
19.696,X1788.72,var_imp_NEFA_IR_FD.EMR_EMR.NONE_Cow.Yes_Breed.No_MilkME.Yes_EMR212_incl.HighCorr_noFeatExt_SMOTE200_pp.cs_GLMNET_9442_217
18.295,X963.75,var_imp_NEFA_IR_FD.EMR_EMR.NONE_Cow.Yes_Breed.No_MilkME.Yes_EMR212_incl.HighCorr_noFeatExt_SMOTE200_pp.cs_GLMNET_9442_217
17.54,X1800.285,var_imp_NEFA_IR_FD.EMR_EMR.NONE_Cow.Yes_Breed.No_MilkME.Yes_EMR212_incl.HighCorr_noFeatExt_SMOTE200_pp.cs_GLMNET_9442_217
17.46,X1114.095,var_imp_NEFA_IR_FD.EMR_EMR.NONE_Cow.Yes_Breed.No_MilkME.Yes_EMR212_incl.HighCorr_noFeatExt_SMOTE200_pp.cs_GLMNET_9442_217
17.389,X1098.675,var_imp_NEFA_IR_FD.EMR_EMR.NONE_Cow.Yes_Breed.No_MilkME.Yes_EMR212_incl.HighCorr_noFeatExt_SMOTE200_pp.cs_GLMNET_9442_217
16.819,X1781.01,var_imp_NEFA_IR_FD.EMR_EMR.NONE_Cow.Yes_Breed.No_MilkME.Yes_EMR212_incl.HighCorr_noFeatExt_SMOTE200_pp.cs_GLMNET_9442_217
16.364,X1110.24,var_imp_NEFA_IR_FD.EMR_EMR.NONE_Cow.Yes_Breed.No_MilkME.Yes_EMR212_incl.HighCorr_noFeatExt_SMOTE200_pp.cs_GLMNET_9442_217
15.961,X1202.76,var_imp_NEFA_IR_FD.EMR_EMR.NONE_Cow.Yes_Breed.No_MilkME.Yes_EMR212_incl.HighCorr_noFeatExt_SMOTE200_pp.cs_GLMNET_9442_217
15.636,X959.895,var_imp_NEFA_IR_FD.EMR_EMR.NONE_Cow.Yes_Breed.No_MilkME.Yes_EMR212_incl.HighCorr_noFeatExt_SMOTE200_pp.cs_GLMNET_9442_217
15.526,X1276.005,var_imp_NEFA_IR_FD.EMR_EMR.NONE_Cow.Yes_Breed.No_MilkME.Yes_EMR212_incl.HighCorr_noFeatExt_SMOTE200_pp.cs_GLMNET_9442_217
15.308,X1279.86,var_imp_NEFA_IR_FD.EMR_EMR.NONE_Cow.Yes_Breed.No_MilkME.Yes_EMR212_incl.HighCorr_noFeatExt_SMOTE200_pp.cs_GLMNET_9442_217
15.138,X1299.135,var_imp_NEFA_IR_FD.EMR_EMR.NONE_Cow.Yes_Breed.No_MilkME.Yes_EMR212_incl.HighCorr_noFeatExt_SMOTE200_pp.cs_GLMNET_9442_217
14.722,X1395.51,var_imp_NEFA_IR_FD.EMR_EMR.NONE_Cow.Yes_Breed.No_MilkME.Yes_EMR212_incl.HighCorr_noFeatExt_SMOTE200_pp.cs_GLMNET_9442_217
13.876,X1329.975,var_imp_NEFA_IR_FD.EMR_EMR.NONE_Cow.Yes_Breed.No_MilkME.Yes_EMR212_incl.HighCorr_noFeatExt_SMOTE200_pp.cs_GLMNET_9442_217
13.12,X1387.8,var_imp_NEFA_IR_FD.EMR_EMR.NONE_Cow.Yes_Breed.No_MilkME.Yes_EMR212_incl.HighCorr_noFeatExt_SMOTE200_pp.cs_GLMNET_9442_217
12.978,X967.605,var_imp_NEFA_IR_FD.EMR_EMR.NONE_Cow.Yes_Breed.No_MilkME.Yes_EMR212_incl.HighCorr_noFeatExt_SMOTE200_pp.cs_GLMNET_9442_217
11.916,X1295.28,var_imp_NEFA_IR_FD.EMR_EMR.NONE_Cow.Yes_Breed.No_MilkME.Yes_EMR212_incl.HighCorr_noFeatExt_SMOTE200_pp.cs_GLMNET_9442_217
10.989,X1337.685,var_imp_NEFA_IR_FD.EMR_EMR.NONE_Cow.Yes_Breed.No_MilkME.Yes_EMR212_incl.HighCorr_noFeatExt_SMOTE200_pp.cs_GLMNET_9442_217
10.805,X1410.93,var_imp_NEFA_IR_FD.EMR_EMR.NONE_Cow.Yes_Breed.No_MilkME.Yes_EMR212_incl.HighCorr_noFeatExt_SMOTE200_pp.cs_GLMNET_9442_217
10.797,X1341.54,var_imp_NEFA_IR_FD.EMR_EMR.NONE_Cow.Yes_Breed.No_MilkME.Yes_EMR212_incl.HighCorr_noFeatExt_SMOTE200_pp.cs_GLMNET_9442_217
10.656,X1333.83,var_imp_NEFA_IR_FD.EMR_EMR.NONE_Cow.Yes_Breed.No_MilkME.Yes_EMR212_incl.HighCorr_noFeatExt_SMOTE200_pp.cs_GLMNET_9442_217
10.356,X1414.785,var_imp_NEFA_IR_FD.EMR_EMR.NONE_Cow.Yes_Breed.No_MilkME.Yes_EMR212_incl.HighCorr_noFeatExt_SMOTE200_pp.cs_GLMNET_9442_217
9.899,X1302.99,var_imp_NEFA_IR_FD.EMR_EMR.NONE_Cow.Yes_Breed.No_MilkME.Yes_EMR212_incl.HighCorr_noFeatExt_SMOTE200_pp.cs_GLMNET_9442_217
9.898,X1063.98,var_imp_NEFA_IR_FD.EMR_EMR.NONE_Cow.Yes_Breed.No_MilkME.Yes_EMR212_incl.HighCorr_noFeatExt_SMOTE200_pp.cs_GLMNET_9442_217
9.659,X1233.6,var_imp_NEFA_IR_FD.EMR_EMR.NONE_Cow.Yes_Breed.No_MilkME.Yes_EMR212_incl.HighCorr_noFeatExt_SMOTE200_pp.cs_GLMNET_9442_217
9.624,X1067.835,var_imp_NEFA_IR_FD.EMR_EMR.NONE_Cow.Yes_Breed.No_MilkME.Yes_EMR212_incl.HighCorr_noFeatExt_SMOTE200_pp.cs_GLMNET_9442_217
9.198,X1218.18,var_imp_NEFA_IR_FD.EMR_EMR.NONE_Cow.Yes_Breed.No_MilkME.Yes_EMR212_incl.HighCorr_noFeatExt_SMOTE200_pp.cs_GLMNET_9442_217
8.942,X2875.83,var_imp_NEFA_IR_FD.EMR_EMR.NONE_Cow.Yes_Breed.No_MilkME.Yes_EMR212_incl.HighCorr_noFeatExt_SMOTE200_pp.cs_GLMNET_9442_217
8.855,X1449.48,var_imp_NEFA_IR_FD.EMR_EMR.NONE_Cow.Yes_Breed.No_MilkME.Yes_EMR212_incl.HighCorr_noFeatExt_SMOTE200_pp.cs_GLMNET_9442_217
8.386,X1214.325,var_imp_NEFA_IR_FD.EMR_EMR.NONE_Cow.Yes_Breed.No_MilkME.Yes_EMR212_incl.HighCorr_noFeatExt_SMOTE200_pp.cs_GLMNET_9442_217
8.291,X1222.035,var_imp_NEFA_IR_FD.EMR_EMR.NONE_Cow.Yes_Breed.No_MilkME.Yes_EMR212_incl.HighCorr_noFeatExt_SMOTE200_pp.cs_GLMNET_9442_217
8.096,X1198.905,var_imp_NEFA_IR_FD.EMR_EMR.NONE_Cow.Yes_Breed.No_MilkME.Yes_EMR212_incl.HighCorr_noFeatExt_SMOTE200_pp.cs_GLMNET_9442_217
7.996,X1094.82,var_imp_NEFA_IR_FD.EMR_EMR.NONE_Cow.Yes_Breed.No_MilkME.Yes_EMR212_incl.HighCorr_noFeatExt_SMOTE200_pp.cs_GLMNET_9442_217
7.918,X1048.56,var_imp_NEFA_IR_FD.EMR_EMR.NONE_Cow.Yes_Breed.No_MilkME.Yes_EMR212_incl.HighCorr_noFeatExt_SMOTE200_pp.cs_GLMNET_9442_217
7.65,X1106.385,var_imp_NEFA_IR_FD.EMR_EMR.NONE_Cow.Yes_Breed.No_MilkME.Yes_EMR212_incl.HighCorr_noFeatExt_SMOTE200_pp.cs_GLMNET_9442_217
7.623,X971.46,var_imp_NEFA_IR_FD.EMR_EMR.NONE_Cow.Yes_Breed.No_MilkME.Yes_EMR212_incl.HighCorr_noFeatExt_SMOTE200_pp.cs_GLMNET_9442_217
7.589,X1383.945,var_imp_NEFA_IR_FD.EMR_EMR.NONE_Cow.Yes_Breed.No_MilkME.Yes_EMR212_incl.HighCorr_noFeatExt_SMOTE200_pp.cs_GLMNET_9442_217
7.319,X1407.075,var_imp_NEFA_IR_FD.EMR_EMR.NONE_Cow.Yes_Breed.No_MilkME.Yes_EMR212_incl.HighCorr_noFeatExt_SMOTE200_pp.cs_GLMNET_9442_217
7.204,X1345.395,var_imp_NEFA_IR_FD.EMR_EMR.NONE_Cow.Yes_Breed.No_MilkME.Yes_EMR212_incl.HighCorr_noFeatExt_SMOTE200_pp.cs_GLMNET_9442_217
6.907,X1071.69,var_imp_NEFA_IR_FD.EMR_EMR.NONE_Cow.Yes_Breed.No_MilkME.Yes_EMR212_incl.HighCorr_noFeatExt_SMOTE200_pp.cs_GLMNET_9442_217
6.537,X1283.715,var_imp_NEFA_IR_FD.EMR_EMR.NONE_Cow.Yes_Breed.No_MilkME.Yes_EMR212_incl.HighCorr_noFeatExt_SMOTE200_pp.cs_GLMNET_9442_217
6.53,X1272.15,var_imp_NEFA_IR_FD.EMR_EMR.NONE_Cow.Yes_Breed.No_MilkME.Yes_EMR212_incl.HighCorr_noFeatExt_SMOTE200_pp.cs_GLMNET_9442_217
5.861,X1117.95,var_imp_NEFA_IR_FD.EMR_EMR.NONE_Cow.Yes_Breed.No_MilkME.Yes_EMR212_incl.HighCorr_noFeatExt_SMOTE200_pp.cs_GLMNET_9442_217
5.572,X1052.415,var_imp_NEFA_IR_FD.EMR_EMR.NONE_Cow.Yes_Breed.No_MilkME.Yes_EMR212_incl.HighCorr_noFeatExt_SMOTE200_pp.cs_GLMNET_9442_217
5.545,X1418.64,var_imp_NEFA_IR_FD.EMR_EMR.NONE_Cow.Yes_Breed.No_MilkME.Yes_EMR212_incl.HighCorr_noFeatExt_SMOTE200_pp.cs_GLMNET_9442_217
5.512,X1380.09,var_imp_NEFA_IR_FD.EMR_EMR.NONE_Cow.Yes_Breed.No_MilkME.Yes_EMR212_incl.HighCorr_noFeatExt_SMOTE200_pp.cs_GLMNET_9442_217
5.123,X1372.38,var_imp_NEFA_IR_FD.EMR_EMR.NONE_Cow.Yes_Breed.No_MilkME.Yes_EMR212_incl.HighCorr_noFeatExt_SMOTE200_pp.cs_GLMNET_9442_217
5.019,X1368.525,var_imp_NEFA_IR_FD.EMR_EMR.NONE_Cow.Yes_Breed.No_MilkME.Yes_EMR212_incl.HighCorr_noFeatExt_SMOTE200_pp.cs_GLMNET_9442_217
4.977,X1376.235,var_imp_NEFA_IR_FD.EMR_EMR.NONE_Cow.Yes_Breed.No_MilkME.Yes_EMR212_incl.HighCorr_noFeatExt_SMOTE200_pp.cs_GLMNET_9442_217
4.731,X1237.455,var_imp_NEFA_IR_FD.EMR_EMR.NONE_Cow.Yes_Breed.No_MilkME.Yes_EMR212_incl.HighCorr_noFeatExt_SMOTE200_pp.cs_GLMNET_9442_217
4.524,X1260.585,var_imp_NEFA_IR_FD.EMR_EMR.NONE_Cow.Yes_Breed.No_MilkME.Yes_EMR212_incl.HighCorr_noFeatExt_SMOTE200_pp.cs_GLMNET_9442_217
4.486,X1075.545,var_imp_NEFA_IR_FD.EMR_EMR.NONE_Cow.Yes_Breed.No_MilkME.Yes_EMR212_incl.HighCorr_noFeatExt_SMOTE200_pp.cs_GLMNET_9442_217
4.384,X1364.67,var_imp_NEFA_IR_FD.EMR_EMR.NONE_Cow.Yes_Breed.No_MilkME.Yes_EMR212_incl.HighCorr_noFeatExt_SMOTE200_pp.cs_GLMNET_9442_217
3.956,X1256.73,var_imp_NEFA_IR_FD.EMR_EMR.NONE_Cow.Yes_Breed.No_MilkME.Yes_EMR212_incl.HighCorr_noFeatExt_SMOTE200_pp.cs_GLMNET_9442_217
3.905,X1534.29,var_imp_NEFA_IR_FD.EMR_EMR.NONE_Cow.Yes_Breed.No_MilkME.Yes_EMR212_incl.HighCorr_noFeatExt_SMOTE200_pp.cs_GLMNET_9442_217
3.723,X1195.05,var_imp_NEFA_IR_FD.EMR_EMR.NONE_Cow.Yes_Breed.No_MilkME.Yes_EMR212_incl.HighCorr_noFeatExt_SMOTE200_pp.cs_GLMNET_9442_217
3.688,X1044.705,var_imp_NEFA_IR_FD.EMR_EMR.NONE_Cow.Yes_Breed.No_MilkME.Yes_EMR212_incl.HighCorr_noFeatExt_SMOTE200_pp.cs_GLMNET_9442_217
3.617,X1530.435,var_imp_NEFA_IR_FD.EMR_EMR.NONE_Cow.Yes_Breed.No_MilkME.Yes_EMR212_incl.HighCorr_noFeatExt_SMOTE200_pp.cs_GLMNET_9442_217
3.54,X1318.41,var_imp_NEFA_IR_FD.EMR_EMR.NONE_Cow.Yes_Breed.No_MilkME.Yes_EMR212_incl.HighCorr_noFeatExt_SMOTE200_pp.cs_GLMNET_9442_217
3.532,X1206.615,var_imp_NEFA_IR_FD.EMR_EMR.NONE_Cow.Yes_Breed.No_MilkME.Yes_EMR212_incl.HighCorr_noFeatExt_SMOTE200_pp.cs_GLMNET_9442_217
3.368,X1784.865,var_imp_NEFA_IR_FD.EMR_EMR.NONE_Cow.Yes_Breed.No_MilkME.Yes_EMR212_incl.HighCorr_noFeatExt_SMOTE200_pp.cs_GLMNET_9442_217
3.125,X1503.45,var_imp_NEFA_IR_FD.EMR_EMR.NONE_Cow.Yes_Breed.No_MilkME.Yes_EMR212_incl.HighCorr_noFeatExt_SMOTE200_pp.cs_GLMNET_9442_217
3.08,X975.315,var_imp_NEFA_IR_FD.EMR_EMR.NONE_Cow.Yes_Breed.No_MilkME.Yes_EMR212_incl.HighCorr_noFeatExt_SMOTE200_pp.cs_GLMNET_9442_217
3.046,X1499.595,var_imp_NEFA_IR_FD.EMR_EMR.NONE_Cow.Yes_Breed.No_MilkME.Yes_EMR212_incl.HighCorr_noFeatExt_SMOTE200_pp.cs_GLMNET_9442_217
2.992,X1507.305,var_imp_NEFA_IR_FD.EMR_EMR.NONE_Cow.Yes_Breed.No_MilkME.Yes_EMR212_incl.HighCorr_noFeatExt_SMOTE200_pp.cs_GLMNET_9442_217
2.976,X2848.845,var_imp_NEFA_IR_FD.EMR_EMR.NONE_Cow.Yes_Breed.No_MilkME.Yes_EMR212_incl.HighCorr_noFeatExt_SMOTE200_pp.cs_GLMNET_9442_217
2.924,X1511.16,var_imp_NEFA_IR_FD.EMR_EMR.NONE_Cow.Yes_Breed.No_MilkME.Yes_EMR212_incl.HighCorr_noFeatExt_SMOTE200_pp.cs_GLMNET_9442_217
2.914,X1526.58,var_imp_NEFA_IR_FD.EMR_EMR.NONE_Cow.Yes_Breed.No_MilkME.Yes_EMR212_incl.HighCorr_noFeatExt_SMOTE200_pp.cs_GLMNET_9442_217
2.819,X1403.22,var_imp_NEFA_IR_FD.EMR_EMR.NONE_Cow.Yes_Breed.No_MilkME.Yes_EMR212_incl.HighCorr_noFeatExt_SMOTE200_pp.cs_GLMNET_9442_217
2.776,X1515.015,var_imp_NEFA_IR_FD.EMR_EMR.NONE_Cow.Yes_Breed.No_MilkME.Yes_EMR212_incl.HighCorr_noFeatExt_SMOTE200_pp.cs_GLMNET_9442_217
2.641,X1522.725,var_imp_NEFA_IR_FD.EMR_EMR.NONE_Cow.Yes_Breed.No_MilkME.Yes_EMR212_incl.HighCorr_noFeatExt_SMOTE200_pp.cs_GLMNET_9442_217
2.622,X1518.87,var_imp_NEFA_IR_FD.EMR_EMR.NONE_Cow.Yes_Breed.No_MilkME.Yes_EMR212_incl.HighCorr_noFeatExt_SMOTE200_pp.cs_GLMNET_9442_217
2.614,X1079.4,var_imp_NEFA_IR_FD.EMR_EMR.NONE_Cow.Yes_Breed.No_MilkME.Yes_EMR212_incl.HighCorr_noFeatExt_SMOTE200_pp.cs_GLMNET_9442_217
2.546,X1495.74,var_imp_NEFA_IR_FD.EMR_EMR.NONE_Cow.Yes_Breed.No_MilkME.Yes_EMR212_incl.HighCorr_noFeatExt_SMOTE200_pp.cs_GLMNET_9442_217
2.489,X1060.125,var_imp_NEFA_IR_FD.EMR_EMR.NONE_Cow.Yes_Breed.No_MilkME.Yes_EMR212_incl.HighCorr_noFeatExt_SMOTE200_pp.cs_GLMNET_9442_217
2.034,X1152.645,var_imp_NEFA_IR_FD.EMR_EMR.NONE_Cow.Yes_Breed.No_MilkME.Yes_EMR212_incl.HighCorr_noFeatExt_SMOTE200_pp.cs_GLMNET_9442_217
1.929,X1422.495,var_imp_NEFA_IR_FD.EMR_EMR.NONE_Cow.Yes_Breed.No_MilkME.Yes_EMR212_incl.HighCorr_noFeatExt_SMOTE200_pp.cs_GLMNET_9442_217
1.852,X1491.885,var_imp_NEFA_IR_FD.EMR_EMR.NONE_Cow.Yes_Breed.No_MilkME.Yes_EMR212_incl.HighCorr_noFeatExt_SMOTE200_pp.cs_GLMNET_9442_217
1.832,X2871.975,var_imp_NEFA_IR_FD.EMR_EMR.NONE_Cow.Yes_Breed.No_MilkME.Yes_EMR212_incl.HighCorr_noFeatExt_SMOTE200_pp.cs_GLMNET_9442_217
1.76,X1225.89,var_imp_NEFA_IR_FD.EMR_EMR.NONE_Cow.Yes_Breed.No_MilkME.Yes_EMR212_incl.HighCorr_noFeatExt_SMOTE200_pp.cs_GLMNET_9442_217
1.748,X1029.285,var_imp_NEFA_IR_FD.EMR_EMR.NONE_Cow.Yes_Breed.No_MilkME.Yes_EMR212_incl.HighCorr_noFeatExt_SMOTE200_pp.cs_GLMNET_9442_217
1.51,X1191.195,var_imp_NEFA_IR_FD.EMR_EMR.NONE_Cow.Yes_Breed.No_MilkME.Yes_EMR212_incl.HighCorr_noFeatExt_SMOTE200_pp.cs_GLMNET_9442_217
1.495,X1738.605,var_imp_NEFA_IR_FD.EMR_EMR.NONE_Cow.Yes_Breed.No_MilkME.Yes_EMR212_incl.HighCorr_noFeatExt_SMOTE200_pp.cs_GLMNET_9442_217
1.473,X2821.86,var_imp_NEFA_IR_FD.EMR_EMR.NONE_Cow.Yes_Breed.No_MilkME.Yes_EMR212_incl.HighCorr_noFeatExt_SMOTE200_pp.cs_GLMNET_9442_217
1.45,X1148.79,var_imp_NEFA_IR_FD.EMR_EMR.NONE_Cow.Yes_Breed.No_MilkME.Yes_EMR212_incl.HighCorr_noFeatExt_SMOTE200_pp.cs_GLMNET_9442_217
1.436,X994.59,var_imp_NEFA_IR_FD.EMR_EMR.NONE_Cow.Yes_Breed.No_MilkME.Yes_EMR212_incl.HighCorr_noFeatExt_SMOTE200_pp.cs_GLMNET_9442_217
1.423,X1306.845,var_imp_NEFA_IR_FD.EMR_EMR.NONE_Cow.Yes_Breed.No_MilkME.Yes_EMR212_incl.HighCorr_noFeatExt_SMOTE200_pp.cs_GLMNET_9442_217
1.39,X1025.43,var_imp_NEFA_IR_FD.EMR_EMR.NONE_Cow.Yes_Breed.No_MilkME.Yes_EMR212_incl.HighCorr_noFeatExt_SMOTE200_pp.cs_GLMNET_9442_217
1.389,X1137.225,var_imp_NEFA_IR_FD.EMR_EMR.NONE_Cow.Yes_Breed.No_MilkME.Yes_EMR212_incl.HighCorr_noFeatExt_SMOTE200_pp.cs_GLMNET_9442_217
1.332,X1141.08,var_imp_NEFA_IR_FD.EMR_EMR.NONE_Cow.Yes_Breed.No_MilkME.Yes_EMR212_incl.HighCorr_noFeatExt_SMOTE200_pp.cs_GLMNET_9442_217
1.304,X1144.935,var_imp_NEFA_IR_FD.EMR_EMR.NONE_Cow.Yes_Breed.No_MilkME.Yes_EMR212_incl.HighCorr_noFeatExt_SMOTE200_pp.cs_GLMNET_9442_217
1.286,X1133.37,var_imp_NEFA_IR_FD.EMR_EMR.NONE_Cow.Yes_Breed.No_MilkME.Yes_EMR212_incl.HighCorr_noFeatExt_SMOTE200_pp.cs_GLMNET_9442_217
1.137,X998.445,var_imp_NEFA_IR_FD.EMR_EMR.NONE_Cow.Yes_Breed.No_MilkME.Yes_EMR212_incl.HighCorr_noFeatExt_SMOTE200_pp.cs_GLMNET_9442_217
1.114,X2952.93,var_imp_NEFA_IR_FD.EMR_EMR.NONE_Cow.Yes_Breed.No_MilkME.Yes_EMR212_incl.HighCorr_noFeatExt_SMOTE200_pp.cs_GLMNET_9442_217
1.074,X1360.815,var_imp_NEFA_IR_FD.EMR_EMR.NONE_Cow.Yes_Breed.No_MilkME.Yes_EMR212_incl.HighCorr_noFeatExt_SMOTE200_pp.cs_GLMNET_9442_217
0.995,X1156.5,var_imp_NEFA_IR_FD.EMR_EMR.NONE_Cow.Yes_Breed.No_MilkME.Yes_EMR212_incl.HighCorr_noFeatExt_SMOTE200_pp.cs_GLMNET_9442_217
0.949,X2956.785,var_imp_NEFA_IR_FD.EMR_EMR.NONE_Cow.Yes_Breed.No_MilkME.Yes_EMR212_incl.HighCorr_noFeatExt_SMOTE200_pp.cs_GLMNET_9442_217
0.93,X1021.575,var_imp_NEFA_IR_FD.EMR_EMR.NONE_Cow.Yes_Breed.No_MilkME.Yes_EMR212_incl.HighCorr_noFeatExt_SMOTE200_pp.cs_GLMNET_9442_217
0.894,X2949.075,var_imp_NEFA_IR_FD.EMR_EMR.NONE_Cow.Yes_Breed.No_MilkME.Yes_EMR212_incl.HighCorr_noFeatExt_SMOTE200_pp.cs_GLMNET_9442_217
0.857,X1129.515,var_imp_NEFA_IR_FD.EMR_EMR.NONE_Cow.Yes_Breed.No_MilkME.Yes_EMR212_incl.HighCorr_noFeatExt_SMOTE200_pp.cs_GLMNET_9442_217
0.765,X1210.47,var_imp_NEFA_IR_FD.EMR_EMR.NONE_Cow.Yes_Breed.No_MilkME.Yes_EMR212_incl.HighCorr_noFeatExt_SMOTE200_pp.cs_GLMNET_9442_217
0.761,X1241.31,var_imp_NEFA_IR_FD.EMR_EMR.NONE_Cow.Yes_Breed.No_MilkME.Yes_EMR212_incl.HighCorr_noFeatExt_SMOTE200_pp.cs_GLMNET_9442_217
0.759,X1090.965,var_imp_NEFA_IR_FD.EMR_EMR.NONE_Cow.Yes_Breed.No_MilkME.Yes_EMR212_incl.HighCorr_noFeatExt_SMOTE200_pp.cs_GLMNET_9442_217
0.721,X1002.3,var_imp_NEFA_IR_FD.EMR_EMR.NONE_Cow.Yes_Breed.No_MilkME.Yes_EMR212_incl.HighCorr_noFeatExt_SMOTE200_pp.cs_GLMNET_9442_217
0.707,X1017.72,var_imp_NEFA_IR_FD.EMR_EMR.NONE_Cow.Yes_Breed.No_MilkME.Yes_EMR212_incl.HighCorr_noFeatExt_SMOTE200_pp.cs_GLMNET_9442_217
0.598,X1013.865,var_imp_NEFA_IR_FD.EMR_EMR.NONE_Cow.Yes_Breed.No_MilkME.Yes_EMR212_incl.HighCorr_noFeatExt_SMOTE200_pp.cs_GLMNET_9442_217
0.574,X1006.155,var_imp_NEFA_IR_FD.EMR_EMR.NONE_Cow.Yes_Breed.No_MilkME.Yes_EMR212_incl.HighCorr_noFeatExt_SMOTE200_pp.cs_GLMNET_9442_217
0.525,X1553.565,var_imp_NEFA_IR_FD.EMR_EMR.NONE_Cow.Yes_Breed.No_MilkME.Yes_EMR212_incl.HighCorr_noFeatExt_SMOTE200_pp.cs_GLMNET_9442_217
0.524,X1010.01,var_imp_NEFA_IR_FD.EMR_EMR.NONE_Cow.Yes_Breed.No_MilkME.Yes_EMR212_incl.HighCorr_noFeatExt_SMOTE200_pp.cs_GLMNET_9442_217
0.489,X1557.42,var_imp_NEFA_IR_FD.EMR_EMR.NONE_Cow.Yes_Breed.No_MilkME.Yes_EMR212_incl.HighCorr_noFeatExt_SMOTE200_pp.cs_GLMNET_9442_217
0.373,X990.735,var_imp_NEFA_IR_FD.EMR_EMR.NONE_Cow.Yes_Breed.No_MilkME.Yes_EMR212_incl.HighCorr_noFeatExt_SMOTE200_pp.cs_GLMNET_9442_217
0.373,X2945.22,var_imp_NEFA_IR_FD.EMR_EMR.NONE_Cow.Yes_Breed.No_MilkME.Yes_EMR212_incl.HighCorr_noFeatExt_SMOTE200_pp.cs_GLMNET_9442_217
0.371,X1083.255,var_imp_NEFA_IR_FD.EMR_EMR.NONE_Cow.Yes_Breed.No_MilkME.Yes_EMR212_incl.HighCorr_noFeatExt_SMOTE200_pp.cs_GLMNET_9442_217
0.34,X1561.275,var_imp_NEFA_IR_FD.EMR_EMR.NONE_Cow.Yes_Breed.No_MilkME.Yes_EMR212_incl.HighCorr_noFeatExt_SMOTE200_pp.cs_GLMNET_9442_217
0.337,X1187.34,var_imp_NEFA_IR_FD.EMR_EMR.NONE_Cow.Yes_Breed.No_MilkME.Yes_EMR212_incl.HighCorr_noFeatExt_SMOTE200_pp.cs_GLMNET_9442_217
0.325,X1549.71,var_imp_NEFA_IR_FD.EMR_EMR.NONE_Cow.Yes_Breed.No_MilkME.Yes_EMR212_incl.HighCorr_noFeatExt_SMOTE200_pp.cs_GLMNET_9442_217
0.276,X2825.715,var_imp_NEFA_IR_FD.EMR_EMR.NONE_Cow.Yes_Breed.No_MilkME.Yes_EMR212_incl.HighCorr_noFeatExt_SMOTE200_pp.cs_GLMNET_9442_217
0.188,X1488.03,var_imp_NEFA_IR_FD.EMR_EMR.NONE_Cow.Yes_Breed.No_MilkME.Yes_EMR212_incl.HighCorr_noFeatExt_SMOTE200_pp.cs_GLMNET_9442_217
0.166,X2883.54,var_imp_NEFA_IR_FD.EMR_EMR.NONE_Cow.Yes_Breed.No_MilkME.Yes_EMR212_incl.HighCorr_noFeatExt_SMOTE200_pp.cs_GLMNET_9442_217
0.141,X2887.395,var_imp_NEFA_IR_FD.EMR_EMR.NONE_Cow.Yes_Breed.No_MilkME.Yes_EMR212_incl.HighCorr_noFeatExt_SMOTE200_pp.cs_GLMNET_9442_217
0.128,X1291.425,var_imp_NEFA_IR_FD.EMR_EMR.NONE_Cow.Yes_Breed.No_MilkME.Yes_EMR212_incl.HighCorr_noFeatExt_SMOTE200_pp.cs_GLMNET_9442_217
0.106,X1754.025,var_imp_NEFA_IR_FD.EMR_EMR.NONE_Cow.Yes_Breed.No_MilkME.Yes_EMR212_incl.HighCorr_noFeatExt_SMOTE200_pp.cs_GLMNET_9442_217
0.099,X1349.25,var_imp_NEFA_IR_FD.EMR_EMR.NONE_Cow.Yes_Breed.No_MilkME.Yes_EMR212_incl.HighCorr_noFeatExt_SMOTE200_pp.cs_GLMNET_9442_217
0.088,X1742.46,var_imp_NEFA_IR_FD.EMR_EMR.NONE_Cow.Yes_Breed.No_MilkME.Yes_EMR212_incl.HighCorr_noFeatExt_SMOTE200_pp.cs_GLMNET_9442_217
0.086,X1750.17,var_imp_NEFA_IR_FD.EMR_EMR.NONE_Cow.Yes_Breed.No_MilkME.Yes_EMR212_incl.HighCorr_noFeatExt_SMOTE200_pp.cs_GLMNET_9442_217
0.063,CALVING_NOHeifer,var_imp_NEFA_IR_FD.EMR_EMR.NONE_Cow.Yes_Breed.No_MilkME.Yes_EMR212_incl.HighCorr_noFeatExt_SMOTE200_pp.cs_GLMNET_9442_217
0.051,X1252.875,var_imp_NEFA_IR_FD.EMR_EMR.NONE_Cow.Yes_Breed.No_MilkME.Yes_EMR212_incl.HighCorr_noFeatExt_SMOTE200_pp.cs_GLMNET_9442_217
0.041,X1426.35,var_imp_NEFA_IR_FD.EMR_EMR.NONE_Cow.Yes_Breed.No_MilkME.Yes_EMR212_incl.HighCorr_noFeatExt_SMOTE200_pp.cs_GLMNET_9442_217
0.031,X1746.315,var_imp_NEFA_IR_FD.EMR_EMR.NONE_Cow.Yes_Breed.No_MilkME.Yes_EMR212_incl.HighCorr_noFeatExt_SMOTE200_pp.cs_GLMNET_9442_217
0.019,MilkMEMorning,var_imp_NEFA_IR_FD.EMR_EMR.NONE_Cow.Yes_Breed.No_MilkME.Yes_EMR212_incl.HighCorr_noFeatExt_SMOTE200_pp.cs_GLMNET_9442_217
0.01,X1723.185,var_imp_NEFA_IR_FD.EMR_EMR.NONE_Cow.Yes_Breed.No_MilkME.Yes_EMR212_incl.HighCorr_noFeatExt_SMOTE200_pp.cs_GLMNET_9442_217
0.002,DIM,var_imp_NEFA_IR_FD.EMR_EMR.NONE_Cow.Yes_Breed.No_MilkME.Yes_EMR212_incl.HighCorr_noFeatExt_SMOTE200_pp.cs_GLMNET_9442_217
0.002,X1565.13,var_imp_NEFA_IR_FD.EMR_EMR.NONE_Cow.Yes_Breed.No_MilkME.Yes_EMR212_incl.HighCorr_noFeatExt_SMOTE200_pp.cs_GLMNET_9442_217
0,MILK_YIELD,var_imp_NEFA_IR_FD.EMR_EMR.NONE_Cow.Yes_Breed.No_MilkME.Yes_EMR212_incl.HighCorr_noFeatExt_SMOTE200_pp.cs_GLMNET_9442_217
100,Opti_X1788.72,var_imp_NEFA_IR_FD_EMR.STAND_Cow.Yes_Breed.No_MilkME.Yes_EMR212_incl.HighCorr_noFeatExt_SMOTE200_pp.cs_GLMNET_9442_217
72.284,Opti_X1796.43,var_imp_NEFA_IR_FD_EMR.STAND_Cow.Yes_Breed.No_MilkME.Yes_EMR212_incl.HighCorr_noFeatExt_SMOTE200_pp.cs_GLMNET_9442_217
35.602,Opti_X2883.54,var_imp_NEFA_IR_FD_EMR.STAND_Cow.Yes_Breed.No_MilkME.Yes_EMR212_incl.HighCorr_noFeatExt_SMOTE200_pp.cs_GLMNET_9442_217
34.265,Opti_X2818.005,var_imp_NEFA_IR_FD_EMR.STAND_Cow.Yes_Breed.No_MilkME.Yes_EMR212_incl.HighCorr_noFeatExt_SMOTE200_pp.cs_GLMNET_9442_217
33.395,Opti_X1403.22,var_imp_NEFA_IR_FD_EMR.STAND_Cow.Yes_Breed.No_MilkME.Yes_EMR212_incl.HighCorr_noFeatExt_SMOTE200_pp.cs_GLMNET_9442_217
20.711,Opti_X1333.83,var_imp_NEFA_IR_FD_EMR.STAND_Cow.Yes_Breed.No_MilkME.Yes_EMR212_incl.HighCorr_noFeatExt_SMOTE200_pp.cs_GLMNET_9442_217
19.59,Opti_X1399.365,var_imp_NEFA_IR_FD_EMR.STAND_Cow.Yes_Breed.No_MilkME.Yes_EMR212_incl.HighCorr_noFeatExt_SMOTE200_pp.cs_GLMNET_9442_217
16.854,Opti_X2821.86,var_imp_NEFA_IR_FD_EMR.STAND_Cow.Yes_Breed.No_MilkME.Yes_EMR212_incl.HighCorr_noFeatExt_SMOTE200_pp.cs_GLMNET_9442_217
14.689,Opti_X1106.385,var_imp_NEFA_IR_FD_EMR.STAND_Cow.Yes_Breed.No_MilkME.Yes_EMR212_incl.HighCorr_noFeatExt_SMOTE200_pp.cs_GLMNET_9442_217
13.678,Opti_X1287.57,var_imp_NEFA_IR_FD_EMR.STAND_Cow.Yes_Breed.No_MilkME.Yes_EMR212_incl.HighCorr_noFeatExt_SMOTE200_pp.cs_GLMNET_9442_217
13.14,Opti_X1125.66,var_imp_NEFA_IR_FD_EMR.STAND_Cow.Yes_Breed.No_MilkME.Yes_EMR212_incl.HighCorr_noFeatExt_SMOTE200_pp.cs_GLMNET_9442_217
12.095,Opti_X1110.24,var_imp_NEFA_IR_FD_EMR.STAND_Cow.Yes_Breed.No_MilkME.Yes_EMR212_incl.HighCorr_noFeatExt_SMOTE200_pp.cs_GLMNET_9442_217
10.962,Opti_X1283.715,var_imp_NEFA_IR_FD_EMR.STAND_Cow.Yes_Breed.No_MilkME.Yes_EMR212_incl.HighCorr_noFeatExt_SMOTE200_pp.cs_GLMNET_9442_217
10.711,Opti_X1349.25,var_imp_NEFA_IR_FD_EMR.STAND_Cow.Yes_Breed.No_MilkME.Yes_EMR212_incl.HighCorr_noFeatExt_SMOTE200_pp.cs_GLMNET_9442_217
10.424,Opti_X1345.395,var_imp_NEFA_IR_FD_EMR.STAND_Cow.Yes_Breed.No_MilkME.Yes_EMR212_incl.HighCorr_noFeatExt_SMOTE200_pp.cs_GLMNET_9442_217
9.769,Opti_X1395.51,var_imp_NEFA_IR_FD_EMR.STAND_Cow.Yes_Breed.No_MilkME.Yes_EMR212_incl.HighCorr_noFeatExt_SMOTE200_pp.cs_GLMNET_9442_217
8.937,Opti_X1341.54,var_imp_NEFA_IR_FD_EMR.STAND_Cow.Yes_Breed.No_MilkME.Yes_EMR212_incl.HighCorr_noFeatExt_SMOTE200_pp.cs_GLMNET_9442_217
8.77,Opti_X1121.805,var_imp_NEFA_IR_FD_EMR.STAND_Cow.Yes_Breed.No_MilkME.Yes_EMR212_incl.HighCorr_noFeatExt_SMOTE200_pp.cs_GLMNET_9442_217
8.542,Opti_X967.605,var_imp_NEFA_IR_FD_EMR.STAND_Cow.Yes_Breed.No_MilkME.Yes_EMR212_incl.HighCorr_noFeatExt_SMOTE200_pp.cs_GLMNET_9442_217
7.656,Opti_X971.46,var_imp_NEFA_IR_FD_EMR.STAND_Cow.Yes_Breed.No_MilkME.Yes_EMR212_incl.HighCorr_noFeatExt_SMOTE200_pp.cs_GLMNET_9442_217
7.392,Opti_X1233.6,var_imp_NEFA_IR_FD_EMR.STAND_Cow.Yes_Breed.No_MilkME.Yes_EMR212_incl.HighCorr_noFeatExt_SMOTE200_pp.cs_GLMNET_9442_217
7.272,Opti_X1353.105,var_imp_NEFA_IR_FD_EMR.STAND_Cow.Yes_Breed.No_MilkME.Yes_EMR212_incl.HighCorr_noFeatExt_SMOTE200_pp.cs_GLMNET_9442_217
7.182,Opti_X1380.09,var_imp_NEFA_IR_FD_EMR.STAND_Cow.Yes_Breed.No_MilkME.Yes_EMR212_incl.HighCorr_noFeatExt_SMOTE200_pp.cs_GLMNET_9442_217
7.155,Opti_X1391.655,var_imp_NEFA_IR_FD_EMR.STAND_Cow.Yes_Breed.No_MilkME.Yes_EMR212_incl.HighCorr_noFeatExt_SMOTE200_pp.cs_GLMNET_9442_217
6.933,Opti_X1383.945,var_imp_NEFA_IR_FD_EMR.STAND_Cow.Yes_Breed.No_MilkME.Yes_EMR212_incl.HighCorr_noFeatExt_SMOTE200_pp.cs_GLMNET_9442_217
6.789,Opti_X1210.47,var_imp_NEFA_IR_FD_EMR.STAND_Cow.Yes_Breed.No_MilkME.Yes_EMR212_incl.HighCorr_noFeatExt_SMOTE200_pp.cs_GLMNET_9442_217
6.701,Opti_X1225.89,var_imp_NEFA_IR_FD_EMR.STAND_Cow.Yes_Breed.No_MilkME.Yes_EMR212_incl.HighCorr_noFeatExt_SMOTE200_pp.cs_GLMNET_9442_217
6.652,Opti_X1337.685,var_imp_NEFA_IR_FD_EMR.STAND_Cow.Yes_Breed.No_MilkME.Yes_EMR212_incl.HighCorr_noFeatExt_SMOTE200_pp.cs_GLMNET_9442_217
6.474,Opti_X1387.8,var_imp_NEFA_IR_FD_EMR.STAND_Cow.Yes_Breed.No_MilkME.Yes_EMR212_incl.HighCorr_noFeatExt_SMOTE200_pp.cs_GLMNET_9442_217
6.454,Opti_X1036.995,var_imp_NEFA_IR_FD_EMR.STAND_Cow.Yes_Breed.No_MilkME.Yes_EMR212_incl.HighCorr_noFeatExt_SMOTE200_pp.cs_GLMNET_9442_217
6.358,Opti_X1306.845,var_imp_NEFA_IR_FD_EMR.STAND_Cow.Yes_Breed.No_MilkME.Yes_EMR212_incl.HighCorr_noFeatExt_SMOTE200_pp.cs_GLMNET_9442_217
6.309,Opti_X1222.035,var_imp_NEFA_IR_FD_EMR.STAND_Cow.Yes_Breed.No_MilkME.Yes_EMR212_incl.HighCorr_noFeatExt_SMOTE200_pp.cs_GLMNET_9442_217
6.11,Opti_X1229.745,var_imp_NEFA_IR_FD_EMR.STAND_Cow.Yes_Breed.No_MilkME.Yes_EMR212_incl.HighCorr_noFeatExt_SMOTE200_pp.cs_GLMNET_9442_217
5.824,Opti_X1302.99,var_imp_NEFA_IR_FD_EMR.STAND_Cow.Yes_Breed.No_MilkME.Yes_EMR212_incl.HighCorr_noFeatExt_SMOTE200_pp.cs_GLMNET_9442_217
5.721,Opti_X975.315,var_imp_NEFA_IR_FD_EMR.STAND_Cow.Yes_Breed.No_MilkME.Yes_EMR212_incl.HighCorr_noFeatExt_SMOTE200_pp.cs_GLMNET_9442_217
5.484,Opti_X1430.205,var_imp_NEFA_IR_FD_EMR.STAND_Cow.Yes_Breed.No_MilkME.Yes_EMR212_incl.HighCorr_noFeatExt_SMOTE200_pp.cs_GLMNET_9442_217
5.365,Opti_X1376.235,var_imp_NEFA_IR_FD_EMR.STAND_Cow.Yes_Breed.No_MilkME.Yes_EMR212_incl.HighCorr_noFeatExt_SMOTE200_pp.cs_GLMNET_9442_217
5.228,Opti_X2825.715,var_imp_NEFA_IR_FD_EMR.STAND_Cow.Yes_Breed.No_MilkME.Yes_EMR212_incl.HighCorr_noFeatExt_SMOTE200_pp.cs_GLMNET_9442_217
4.879,Opti_X1426.35,var_imp_NEFA_IR_FD_EMR.STAND_Cow.Yes_Breed.No_MilkME.Yes_EMR212_incl.HighCorr_noFeatExt_SMOTE200_pp.cs_GLMNET_9442_217
4.363,Opti_X1291.425,var_imp_NEFA_IR_FD_EMR.STAND_Cow.Yes_Breed.No_MilkME.Yes_EMR212_incl.HighCorr_noFeatExt_SMOTE200_pp.cs_GLMNET_9442_217
4.352,Opti_X979.17,var_imp_NEFA_IR_FD_EMR.STAND_Cow.Yes_Breed.No_MilkME.Yes_EMR212_incl.HighCorr_noFeatExt_SMOTE200_pp.cs_GLMNET_9442_217
3.819,Opti_X1206.615,var_imp_NEFA_IR_FD_EMR.STAND_Cow.Yes_Breed.No_MilkME.Yes_EMR212_incl.HighCorr_noFeatExt_SMOTE200_pp.cs_GLMNET_9442_217
3.591,Opti_X983.025,var_imp_NEFA_IR_FD_EMR.STAND_Cow.Yes_Breed.No_MilkME.Yes_EMR212_incl.HighCorr_noFeatExt_SMOTE200_pp.cs_GLMNET_9442_217
3.533,Opti_X1129.515,var_imp_NEFA_IR_FD_EMR.STAND_Cow.Yes_Breed.No_MilkME.Yes_EMR212_incl.HighCorr_noFeatExt_SMOTE200_pp.cs_GLMNET_9442_217
3.28,Opti_X1461.045,var_imp_NEFA_IR_FD_EMR.STAND_Cow.Yes_Breed.No_MilkME.Yes_EMR212_incl.HighCorr_noFeatExt_SMOTE200_pp.cs_GLMNET_9442_217
3.201,Opti_X1079.4,var_imp_NEFA_IR_FD_EMR.STAND_Cow.Yes_Breed.No_MilkME.Yes_EMR212_incl.HighCorr_noFeatExt_SMOTE200_pp.cs_GLMNET_9442_217
3.156,Opti_X1522.725,var_imp_NEFA_IR_FD_EMR.STAND_Cow.Yes_Breed.No_MilkME.Yes_EMR212_incl.HighCorr_noFeatExt_SMOTE200_pp.cs_GLMNET_9442_217
3.115,Opti_X1518.87,var_imp_NEFA_IR_FD_EMR.STAND_Cow.Yes_Breed.No_MilkME.Yes_EMR212_incl.HighCorr_noFeatExt_SMOTE200_pp.cs_GLMNET_9442_217
3.067,Opti_X1526.58,var_imp_NEFA_IR_FD_EMR.STAND_Cow.Yes_Breed.No_MilkME.Yes_EMR212_incl.HighCorr_noFeatExt_SMOTE200_pp.cs_GLMNET_9442_217
2.965,Opti_X1040.85,var_imp_NEFA_IR_FD_EMR.STAND_Cow.Yes_Breed.No_MilkME.Yes_EMR212_incl.HighCorr_noFeatExt_SMOTE200_pp.cs_GLMNET_9442_217
2.936,Opti_X1033.14,var_imp_NEFA_IR_FD_EMR.STAND_Cow.Yes_Breed.No_MilkME.Yes_EMR212_incl.HighCorr_noFeatExt_SMOTE200_pp.cs_GLMNET_9442_217
2.915,Opti_X1545.855,var_imp_NEFA_IR_FD_EMR.STAND_Cow.Yes_Breed.No_MilkME.Yes_EMR212_incl.HighCorr_noFeatExt_SMOTE200_pp.cs_GLMNET_9442_217
2.864,Opti_X1515.015,var_imp_NEFA_IR_FD_EMR.STAND_Cow.Yes_Breed.No_MilkME.Yes_EMR212_incl.HighCorr_noFeatExt_SMOTE200_pp.cs_GLMNET_9442_217
2.841,Opti_X1063.98,var_imp_NEFA_IR_FD_EMR.STAND_Cow.Yes_Breed.No_MilkME.Yes_EMR212_incl.HighCorr_noFeatExt_SMOTE200_pp.cs_GLMNET_9442_217
2.779,Opti_X1060.125,var_imp_NEFA_IR_FD_EMR.STAND_Cow.Yes_Breed.No_MilkME.Yes_EMR212_incl.HighCorr_noFeatExt_SMOTE200_pp.cs_GLMNET_9442_217
2.701,Opti_X1530.435,var_imp_NEFA_IR_FD_EMR.STAND_Cow.Yes_Breed.No_MilkME.Yes_EMR212_incl.HighCorr_noFeatExt_SMOTE200_pp.cs_GLMNET_9442_217
2.657,Opti_X1434.06,var_imp_NEFA_IR_FD_EMR.STAND_Cow.Yes_Breed.No_MilkME.Yes_EMR212_incl.HighCorr_noFeatExt_SMOTE200_pp.cs_GLMNET_9442_217
2.486,Opti_X1075.545,var_imp_NEFA_IR_FD_EMR.STAND_Cow.Yes_Breed.No_MilkME.Yes_EMR212_incl.HighCorr_noFeatExt_SMOTE200_pp.cs_GLMNET_9442_217
2.456,Opti_X1457.19,var_imp_NEFA_IR_FD_EMR.STAND_Cow.Yes_Breed.No_MilkME.Yes_EMR212_incl.HighCorr_noFeatExt_SMOTE200_pp.cs_GLMNET_9442_217
2.442,Opti_X1746.315,var_imp_NEFA_IR_FD_EMR.STAND_Cow.Yes_Breed.No_MilkME.Yes_EMR212_incl.HighCorr_noFeatExt_SMOTE200_pp.cs_GLMNET_9442_217
2.425,Opti_X1268.295,var_imp_NEFA_IR_FD_EMR.STAND_Cow.Yes_Breed.No_MilkME.Yes_EMR212_incl.HighCorr_noFeatExt_SMOTE200_pp.cs_GLMNET_9442_217
2.423,Opti_X1511.16,var_imp_NEFA_IR_FD_EMR.STAND_Cow.Yes_Breed.No_MilkME.Yes_EMR212_incl.HighCorr_noFeatExt_SMOTE200_pp.cs_GLMNET_9442_217
2.298,Opti_X963.75,var_imp_NEFA_IR_FD_EMR.STAND_Cow.Yes_Breed.No_MilkME.Yes_EMR212_incl.HighCorr_noFeatExt_SMOTE200_pp.cs_GLMNET_9442_217
2.275,Opti_X1083.255,var_imp_NEFA_IR_FD_EMR.STAND_Cow.Yes_Breed.No_MilkME.Yes_EMR212_incl.HighCorr_noFeatExt_SMOTE200_pp.cs_GLMNET_9442_217
2.253,Opti_X1542,var_imp_NEFA_IR_FD_EMR.STAND_Cow.Yes_Breed.No_MilkME.Yes_EMR212_incl.HighCorr_noFeatExt_SMOTE200_pp.cs_GLMNET_9442_217
2.113,Opti_X1534.29,var_imp_NEFA_IR_FD_EMR.STAND_Cow.Yes_Breed.No_MilkME.Yes_EMR212_incl.HighCorr_noFeatExt_SMOTE200_pp.cs_GLMNET_9442_217
2.106,Opti_X1102.53,var_imp_NEFA_IR_FD_EMR.STAND_Cow.Yes_Breed.No_MilkME.Yes_EMR212_incl.HighCorr_noFeatExt_SMOTE200_pp.cs_GLMNET_9442_217
2.058,Opti_X1137.225,var_imp_NEFA_IR_FD_EMR.STAND_Cow.Yes_Breed.No_MilkME.Yes_EMR212_incl.HighCorr_noFeatExt_SMOTE200_pp.cs_GLMNET_9442_217
1.936,Opti_X1087.11,var_imp_NEFA_IR_FD_EMR.STAND_Cow.Yes_Breed.No_MilkME.Yes_EMR212_incl.HighCorr_noFeatExt_SMOTE200_pp.cs_GLMNET_9442_217
1.83,Opti_X1538.145,var_imp_NEFA_IR_FD_EMR.STAND_Cow.Yes_Breed.No_MilkME.Yes_EMR212_incl.HighCorr_noFeatExt_SMOTE200_pp.cs_GLMNET_9442_217
1.818,Opti_X1507.305,var_imp_NEFA_IR_FD_EMR.STAND_Cow.Yes_Breed.No_MilkME.Yes_EMR212_incl.HighCorr_noFeatExt_SMOTE200_pp.cs_GLMNET_9442_217
1.77,Opti_X1117.95,var_imp_NEFA_IR_FD_EMR.STAND_Cow.Yes_Breed.No_MilkME.Yes_EMR212_incl.HighCorr_noFeatExt_SMOTE200_pp.cs_GLMNET_9442_217
1.73,Opti_X1141.08,var_imp_NEFA_IR_FD_EMR.STAND_Cow.Yes_Breed.No_MilkME.Yes_EMR212_incl.HighCorr_noFeatExt_SMOTE200_pp.cs_GLMNET_9442_217
1.57,Opti_X2829.57,var_imp_NEFA_IR_FD_EMR.STAND_Cow.Yes_Breed.No_MilkME.Yes_EMR212_incl.HighCorr_noFeatExt_SMOTE200_pp.cs_GLMNET_9442_217
1.565,Opti_X1090.965,var_imp_NEFA_IR_FD_EMR.STAND_Cow.Yes_Breed.No_MilkME.Yes_EMR212_incl.HighCorr_noFeatExt_SMOTE200_pp.cs_GLMNET_9442_217
1.18,Opti_X1723.185,var_imp_NEFA_IR_FD_EMR.STAND_Cow.Yes_Breed.No_MilkME.Yes_EMR212_incl.HighCorr_noFeatExt_SMOTE200_pp.cs_GLMNET_9442_217
1.179,Opti_X1144.935,var_imp_NEFA_IR_FD_EMR.STAND_Cow.Yes_Breed.No_MilkME.Yes_EMR212_incl.HighCorr_noFeatExt_SMOTE200_pp.cs_GLMNET_9442_217
1.063,Opti_X1148.79,var_imp_NEFA_IR_FD_EMR.STAND_Cow.Yes_Breed.No_MilkME.Yes_EMR212_incl.HighCorr_noFeatExt_SMOTE200_pp.cs_GLMNET_9442_217
1.053,Opti_X1152.645,var_imp_NEFA_IR_FD_EMR.STAND_Cow.Yes_Breed.No_MilkME.Yes_EMR212_incl.HighCorr_noFeatExt_SMOTE200_pp.cs_GLMNET_9442_217
1.019,Opti_X1029.285,var_imp_NEFA_IR_FD_EMR.STAND_Cow.Yes_Breed.No_MilkME.Yes_EMR212_incl.HighCorr_noFeatExt_SMOTE200_pp.cs_GLMNET_9442_217
1.017,Opti_X1156.5,var_imp_NEFA_IR_FD_EMR.STAND_Cow.Yes_Breed.No_MilkME.Yes_EMR212_incl.HighCorr_noFeatExt_SMOTE200_pp.cs_GLMNET_9442_217
0.996,Opti_X1202.76,var_imp_NEFA_IR_FD_EMR.STAND_Cow.Yes_Breed.No_MilkME.Yes_EMR212_incl.HighCorr_noFeatExt_SMOTE200_pp.cs_GLMNET_9442_217
0.918,Opti_X1503.45,var_imp_NEFA_IR_FD_EMR.STAND_Cow.Yes_Breed.No_MilkME.Yes_EMR212_incl.HighCorr_noFeatExt_SMOTE200_pp.cs_GLMNET_9442_217
0.824,Opti_X986.88,var_imp_NEFA_IR_FD_EMR.STAND_Cow.Yes_Breed.No_MilkME.Yes_EMR212_incl.HighCorr_noFeatExt_SMOTE200_pp.cs_GLMNET_9442_217
0.751,Opti_X1488.03,var_imp_NEFA_IR_FD_EMR.STAND_Cow.Yes_Breed.No_MilkME.Yes_EMR212_incl.HighCorr_noFeatExt_SMOTE200_pp.cs_GLMNET_9442_217
0.737,Opti_X1002.3,var_imp_NEFA_IR_FD_EMR.STAND_Cow.Yes_Breed.No_MilkME.Yes_EMR212_incl.HighCorr_noFeatExt_SMOTE200_pp.cs_GLMNET_9442_217
0.46,Opti_X1160.355,var_imp_NEFA_IR_FD_EMR.STAND_Cow.Yes_Breed.No_MilkME.Yes_EMR212_incl.HighCorr_noFeatExt_SMOTE200_pp.cs_GLMNET_9442_217
0.447,Opti_X1237.455,var_imp_NEFA_IR_FD_EMR.STAND_Cow.Yes_Breed.No_MilkME.Yes_EMR212_incl.HighCorr_noFeatExt_SMOTE200_pp.cs_GLMNET_9442_217
0.374,Opti_X2929.8,var_imp_NEFA_IR_FD_EMR.STAND_Cow.Yes_Breed.No_MilkME.Yes_EMR212_incl.HighCorr_noFeatExt_SMOTE200_pp.cs_GLMNET_9442_217
0.255,Opti_X1422.495,var_imp_NEFA_IR_FD_EMR.STAND_Cow.Yes_Breed.No_MilkME.Yes_EMR212_incl.HighCorr_noFeatExt_SMOTE200_pp.cs_GLMNET_9442_217
0.143,Opti_X1437.915,var_imp_NEFA_IR_FD_EMR.STAND_Cow.Yes_Breed.No_MilkME.Yes_EMR212_incl.HighCorr_noFeatExt_SMOTE200_pp.cs_GLMNET_9442_217
0.079,Opti_X1495.74,var_imp_NEFA_IR_FD_EMR.STAND_Cow.Yes_Breed.No_MilkME.Yes_EMR212_incl.HighCorr_noFeatExt_SMOTE200_pp.cs_GLMNET_9442_217
0.046,Opti_X2856.555,var_imp_NEFA_IR_FD_EMR.STAND_Cow.Yes_Breed.No_MilkME.Yes_EMR212_incl.HighCorr_noFeatExt_SMOTE200_pp.cs_GLMNET_9442_217
0.035,Opti_X1025.43,var_imp_NEFA_IR_FD_EMR.STAND_Cow.Yes_Breed.No_MilkME.Yes_EMR212_incl.HighCorr_noFeatExt_SMOTE200_pp.cs_GLMNET_9442_217
0.023,Opti_X1198.905,var_imp_NEFA_IR_FD_EMR.STAND_Cow.Yes_Breed.No_MilkME.Yes_EMR212_incl.HighCorr_noFeatExt_SMOTE200_pp.cs_GLMNET_9442_217
0.016,CALVING_NOHeifer,var_imp_NEFA_IR_FD_EMR.STAND_Cow.Yes_Breed.No_MilkME.Yes_EMR212_incl.HighCorr_noFeatExt_SMOTE200_pp.cs_GLMNET_9442_217
0.012,Opti_X1784.865,var_imp_NEFA_IR_FD_EMR.STAND_Cow.Yes_Breed.No_MilkME.Yes_EMR212_incl.HighCorr_noFeatExt_SMOTE200_pp.cs_GLMNET_9442_217
0.004,MilkMEMorning,var_imp_NEFA_IR_FD_EMR.STAND_Cow.Yes_Breed.No_MilkME.Yes_EMR212_incl.HighCorr_noFeatExt_SMOTE200_pp.cs_GLMNET_9442_217
0,DIM,var_imp_NEFA_IR_FD_EMR.STAND_Cow.Yes_Breed.No_MilkME.Yes_EMR212_incl.HighCorr_noFeatExt_SMOTE200_pp.cs_GLMNET_9442_217
0,Opti_X2933.655,var_imp_NEFA_IR_FD_EMR.STAND_Cow.Yes_Breed.No_MilkME.Yes_EMR212_incl.HighCorr_noFeatExt_SMOTE200_pp.cs_GLMNET_9442_217
0,MILK_YIELD,var_imp_NEFA_IR_FD_EMR.STAND_Cow.Yes_Breed.No_MilkME.Yes_EMR212_incl.HighCorr_noFeatExt_SMOTE200_pp.cs_GLMNET_9442_217
